{"text": " One, one, two, two, three, three, four, four, five, five, six, six, seven, seven, eight, nine, nine, 10, 10, 11, 11, 12, 12, 13, 13, 14, 14, 15, 15, 16, 16, 17, 17, 18, 18, 19, 19, 20, 20, 21, 21, 22, 22, 23, 23, 24, 24, 25, 25, 26, 26, 27, 27, 28, 28, 29, 29, 30, 30, 31, 31, 40, 40, 41, 41, 50, 50, 51, 51, 60, 60, 61, 61, 70, 70, 71, 71, 80, 80, 81, 81, 90, 90, 91, 91, 100, 100, 200, 200, 300, 300, 400, 400, 500, 500, 600, 600, 700, 700, 800, 800, 900, 900, 1,000, 1,000, 10,000, 100,000, 100,000, 1,000, 1,000, 1,000, 1,000, 1,000, 1,000, 1,000, 1,000, 1,000, 1,000, 1,000, 1,000, 1,000, 1,000, 1,000, 1,000, 1,000, 1,000, 1,000, 1,000, 1,000, 1,000, 1,000, 1,000, 1,000, 1,000, 1,000, 1,000, 1,000, 1,000, 1,000, 1,000, 1,000, 1,000, 1,000, 1,000, 1,000, 1,000, 1,000, 1,000, 1,000, 1,000, 1,000, 1,000, 1,000, 1,000, 1,000, 1,000, 1,000, 1,000, 1,000, 1,000, 1,000, 1,000, 1,000, 1,000, 1,000, 1", "segments": [{"id": 0, "seek": 0, "start": 0.0, "end": 25.0, "text": " One, one, two, two, three, three, four, four, five, five, six, six, seven, seven, eight,", "tokens": [50364, 1485, 11, 472, 11, 732, 11, 732, 11, 1045, 11, 1045, 11, 1451, 11, 1451, 11, 1732, 11, 1732, 11, 2309, 11, 2309, 11, 3407, 11, 3407, 11, 3180, 11, 51614], "temperature": 0.0, "avg_logprob": -0.21154224171357996, "compression_ratio": 1.6923076923076923, "no_speech_prob": 0.687200665473938}, {"id": 1, "seek": 2500, "start": 25.0, "end": 54.0, "text": " nine, nine, 10, 10, 11, 11, 12, 12, 13, 13, 14, 14, 15, 15, 16, 16, 17,", "tokens": [50364, 4949, 11, 4949, 11, 1266, 11, 1266, 11, 2975, 11, 2975, 11, 2272, 11, 2272, 11, 3705, 11, 3705, 11, 3499, 11, 3499, 11, 2119, 11, 2119, 11, 3165, 11, 3165, 11, 3282, 11, 51814], "temperature": 0.0, "avg_logprob": -0.18786356323643735, "compression_ratio": 1.9189189189189189, "no_speech_prob": 0.8669259548187256}, {"id": 2, "seek": 5400, "start": 54.0, "end": 82.0, "text": " 17, 18, 18, 19, 19, 20, 20, 21, 21, 22, 22, 23, 23, 24, 24, 25,", "tokens": [50364, 3282, 11, 2443, 11, 2443, 11, 1294, 11, 1294, 11, 945, 11, 945, 11, 5080, 11, 5080, 11, 5853, 11, 5853, 11, 6673, 11, 6673, 11, 4022, 11, 4022, 11, 3552, 11, 51764], "temperature": 0.0, "avg_logprob": -0.12255085839165582, "compression_ratio": 1.9090909090909092, "no_speech_prob": 0.486297070980072}, {"id": 3, "seek": 8200, "start": 82.0, "end": 111.0, "text": " 25, 26, 26, 27, 27, 28, 28, 29, 29, 30, 30, 31, 31, 40, 40, 41, 41,", "tokens": [50364, 3552, 11, 7551, 11, 7551, 11, 7634, 11, 7634, 11, 7562, 11, 7562, 11, 9413, 11, 9413, 11, 2217, 11, 2217, 11, 10353, 11, 10353, 11, 3356, 11, 3356, 11, 18173, 11, 18173, 11, 51814], "temperature": 0.0, "avg_logprob": -0.05201238877064473, "compression_ratio": 1.9142857142857144, "no_speech_prob": 0.7661556601524353}, {"id": 4, "seek": 11200, "start": 112.0, "end": 140.0, "text": " 50, 50, 51, 51, 60, 60, 61, 61, 70, 70, 71, 71, 80, 80, 81, 81,", "tokens": [50364, 2625, 11, 2625, 11, 18485, 11, 18485, 11, 4060, 11, 4060, 11, 28294, 11, 28294, 11, 5285, 11, 5285, 11, 30942, 11, 30942, 11, 4688, 11, 4688, 11, 30827, 11, 30827, 11, 51764], "temperature": 0.0, "avg_logprob": -0.08279642793867323, "compression_ratio": 1.8, "no_speech_prob": 0.863772451877594}, {"id": 5, "seek": 14000, "start": 140.0, "end": 169.0, "text": " 90, 90, 91, 91, 100, 100, 200, 200, 300, 300, 400, 400, 500, 500, 600,", "tokens": [50364, 4289, 11, 4289, 11, 31064, 11, 31064, 11, 2319, 11, 2319, 11, 2331, 11, 2331, 11, 6641, 11, 6641, 11, 8423, 11, 8423, 11, 5923, 11, 5923, 11, 11849, 11, 51814], "temperature": 0.0, "avg_logprob": -0.10238061932956471, "compression_ratio": 2.0588235294117645, "no_speech_prob": 0.8043592572212219}, {"id": 6, "seek": 16900, "start": 169.0, "end": 197.0, "text": " 600, 700, 700, 800, 800, 900, 900, 1,000, 1,000, 10,000, 100,000, 100,000, 1,000, 1,000,", "tokens": [50364, 11849, 11, 15204, 11, 15204, 11, 13083, 11, 13083, 11, 22016, 11, 22016, 11, 502, 11, 1360, 11, 502, 11, 1360, 11, 1266, 11, 1360, 11, 2319, 11, 1360, 11, 2319, 11, 1360, 11, 502, 11, 1360, 11, 502, 11, 1360, 11, 51764], "temperature": 0.0, "avg_logprob": -0.1352312723795573, "compression_ratio": 2.75, "no_speech_prob": 0.6932705044746399}, {"id": 7, "seek": 19900, "start": 199.0, "end": 200.0, "text": " 1,000, 1,000, 1,000, 1,000, 1,000, 1,000, 1,000, 1,000, 1,000, 1,000, 1,000, 1,000, 1,000, 1,000, 1,000, 1,000, 1,000, 1,000, 1,000, 1,000, 1,000, 1,000, 1,000, 1,000, 1,000, 1,000, 1,000, 1,000, 1,000, 1,000, 1,000, 1,000, 1,000, 1,000, 1,000, 1,000, 1,000, 1,000, 1,000, 1,000, 1,000, 1,000, 1,000, 1,000, 1,000, 1,000, 1,000, 1,000, 1,000, 1,000, 1,000, 1,000, 1,000, 1,000, 1,000, 1", "tokens": [50414, 502, 11, 1360, 11, 502, 11, 1360, 11, 502, 11, 1360, 11, 502, 11, 1360, 11, 502, 11, 1360, 11, 502, 11, 1360, 11, 502, 11, 1360, 11, 502, 11, 1360, 11, 502, 11, 1360, 11, 502, 11, 1360, 11, 502, 11, 1360, 11, 502, 11, 1360, 11, 502, 11, 1360, 11, 502, 11, 1360, 11, 502, 11, 1360, 11, 502, 11, 1360, 11, 502, 11, 1360, 11, 502, 11, 1360, 11, 502, 11, 1360, 11, 502, 11, 1360, 11, 502, 11, 1360, 11, 502, 11, 1360, 11, 502, 11, 1360, 11, 502, 11, 1360, 11, 502, 11, 1360, 11, 502, 11, 1360, 11, 502, 11, 1360, 11, 502, 11, 1360, 11, 502, 11, 1360, 11, 502, 11, 1360, 11, 502, 11, 1360, 11, 502, 11, 1360, 11, 502, 11, 1360, 11, 502, 11, 1360, 11, 502, 11, 1360, 11, 502, 11, 1360, 11, 502, 11, 1360, 11, 502, 11, 1360, 11, 502, 11, 1360, 11, 502, 11, 1360, 11, 502, 11, 1360, 11, 502, 11, 1360, 11, 502, 11, 1360, 11, 502, 11, 1360, 11, 502, 11, 1360, 11, 502, 11, 1360, 11, 502, 11, 1360, 11, 502, 11, 1360, 11, 502, 11, 1360, 11, 502, 11, 1360, 11, 502, 11, 1360, 11, 502, 11, 1360, 11, 502, 11, 1360, 11, 502, 11, 1360, 11, 502, 11, 1360, 11, 502], "temperature": 0.0, "avg_logprob": -0.06000397771997837, "compression_ratio": 19.3, "no_speech_prob": 0.9832897186279297}], "language": "en"}