{"text": " A, E, I, O, U, A, A, E, E, I, I, O, O, U, U, A, A, B, B, C, C, D, D, E, E, F, F, G, G, H, H, I, I, J, J, K, K, L, L, M, M, N, N, O, O, P, P, Q, Q, R, R, S, S, T, T, U, U, V, V, W, W, X, X, Y, Y, Z, Z,", "segments": [{"id": 0, "seek": 0, "start": 0.0, "end": 29.92, "text": " A, E, I, O, U, A, A, E, E, I, I, O, O, U, U, A, A, B, B, C,", "tokens": [50364, 316, 11, 462, 11, 286, 11, 422, 11, 624, 11, 316, 11, 316, 11, 462, 11, 462, 11, 286, 11, 286, 11, 422, 11, 422, 11, 624, 11, 624, 11, 316, 11, 316, 11, 363, 11, 363, 11, 383, 11, 51860], "temperature": 0.0, "avg_logprob": -0.1835019371726296, "compression_ratio": 1.5526315789473684, "no_speech_prob": 0.7099444270133972}, {"id": 1, "seek": 2992, "start": 29.92, "end": 59.760000000000005, "text": " C, D, D, E, E, F, F, G, G, H, H, I, I, J, J, K, K, L,", "tokens": [50364, 383, 11, 413, 11, 413, 11, 462, 11, 462, 11, 479, 11, 479, 11, 460, 11, 460, 11, 389, 11, 389, 11, 286, 11, 286, 11, 508, 11, 508, 11, 591, 11, 591, 11, 441, 11, 51856], "temperature": 0.0, "avg_logprob": -0.17904943227767944, "compression_ratio": 1.606060606060606, "no_speech_prob": 0.7031009197235107}, {"id": 2, "seek": 5976, "start": 59.76, "end": 89.44, "text": " L, M, M, N, N, O, O, P, P, Q, Q, R, R, S, S, T, T, U,", "tokens": [50412, 441, 11, 376, 11, 376, 11, 426, 11, 426, 11, 422, 11, 422, 11, 430, 11, 430, 11, 1249, 11, 1249, 11, 497, 11, 497, 11, 318, 11, 318, 11, 314, 11, 314, 11, 624, 11, 51848], "temperature": 0.0, "avg_logprob": -0.1524508182819073, "compression_ratio": 1.606060606060606, "no_speech_prob": 0.7369953393936157}, {"id": 3, "seek": 8976, "start": 89.76, "end": 107.68, "text": " U, V, V, W, W, X, X, Y, Y, Z, Z,", "tokens": [50408, 624, 11, 691, 11, 691, 11, 343, 11, 343, 11, 1783, 11, 1783, 11, 398, 11, 398, 11, 1176, 11, 1176, 11, 51260], "temperature": 0.0, "avg_logprob": -0.1898772430419922, "compression_ratio": 1.391304347826087, "no_speech_prob": 0.13408295810222626}], "language": "en"}